Strain Name	Virus Species	GenBank Accession	Sequence Length	Collection Date	Host	GenBank Host	Country	Mol Type
BatCoV5425/KEN/Trans Nzoia	Human coronavirus 229E	MH170145	245	03/2016	Bat	Rousettus aegyptiacus	Kenya	genomic RNA	
BatCoV5743/KEN/Kwale	Human coronavirus 229E	MH170146	297	03/2016	Bat	Hipposideros caffer	Kenya	genomic RNA	
BatCoV5773/KEN/Kwale	Human coronavirus 229E	MH170147	245	03/2016	Bat	Hipposideros caffer	Kenya	genomic RNA	
BtCov-Zim001Mab	Human coronavirus 229E	MG000865	411	06/17/2016	Bat	Hipposideros sp.	Zimbabwe	genomic RNA	
BtCov-Zim015Mab	Human coronavirus 229E	MG000866	411	06/17/2016	Bat	Hipposideros sp.	Zimbabwe	genomic RNA	
BtCov-Zim019Mab	Human coronavirus 229E	MG000867	411	06/17/2016	Bat	Hipposideros sp.	Zimbabwe	genomic RNA	
BtCov-Zim021Mab	Human coronavirus 229E	MG000868	411	06/17/2016	Bat	Hipposideros sp.	Zimbabwe	genomic RNA	
BtCov-Zim034Mab	Human coronavirus 229E	MG000871	415	06/17/2016	Bat	Hipposideros sp.	Zimbabwe	genomic RNA	
BtCov-Zim037Mab	Human coronavirus 229E	MG000869	412	06/17/2016	Bat	Hipposideros sp.	Zimbabwe	genomic RNA	
BtCov-Zim040Mab	Human coronavirus 229E	MG000870	383	06/17/2016	Bat	Hipposideros sp.	Zimbabwe	genomic RNA	
BtCoV/AT1A-F1/Hip_aba/GHA/2010	Human coronavirus 229E	KT253272	28688	2010	Bat	Hipposideros abae	Ghana	genomic RNA	
BtCoV/AT1A-F26/Hip_cf._rub/GHA/2010	Human coronavirus 229E	KT253273	816	2010	Bat	Hipposideros cf. ruber	Ghana	genomic RNA	
BtCoV/AT1A-F41/Hip_aba/GHA/2010	Human coronavirus 229E	KT253260	5665	2010	Bat	Hipposideros abae	Ghana	genomic RNA	
BtCoV/AT1A-F45/Hip_aba/GHA/2010	Human coronavirus 229E	KT253259	5665	2010	Bat	Hipposideros abae	Ghana	genomic RNA	
BtCoV/AT1A-F63/Hip_aba/GHA/2010	Human coronavirus 229E	KT253274	816	2010	Bat	Hipposideros abae	Ghana	genomic RNA	
BtCoV/BUO1E-F102/Hip_cf._rub/GHA/2011	Human coronavirus 229E	KT253275	816	2011	Bat	Hipposideros cf. ruber	Ghana	genomic RNA	
BtCoV/BUO1E-F82/Hip_cf._rub/GHA/2011	Human coronavirus 229E	KT253276	816	2011	Bat	Hipposideros cf. ruber	Ghana	genomic RNA	
BtCoV/BUO2A-75/Hip_aba/GHA/2010	Human coronavirus 229E	KT253266	5005	2010	Bat	Hipposideros abae	Ghana	genomic RNA	
BtCoV/BUO2A-F15/Hip_cf._rub/GHA/2010	Human coronavirus 229E	KT253277	816	2010	Bat	Hipposideros cf. ruber	Ghana	genomic RNA	
BtCoV/BUO2A-F23/Hip_cf._rub/GHA/2010	Human coronavirus 229E	KT253278	816	2010	Bat	Hipposideros cf. ruber	Ghana	genomic RNA	
BtCoV/BUO2B-F210/Hip_cf._rub/GHA/2011	Human coronavirus 229E	KT253279	816	2011	Bat	Hipposideros cf. ruber	Ghana	genomic RNA	
BtCoV/BUO2E-F101/Hip_aba/GHA/2011	Human coronavirus 229E	KT253280	816	2011	Bat	Hipposideros abae	Ghana	genomic RNA	
BtCoV/BUO2E-F124/Hip_cf._rub/GHA/2011	Human coronavirus 229E	KT253281	816	2011	Bat	Hipposideros cf. ruber	Ghana	genomic RNA	
BtCoV/BUO2E-F155/Hip_cf._rub/GHA/2011	Human coronavirus 229E	KT253282	816	2011	Bat	Hipposideros cf. ruber	Ghana	genomic RNA	
BtCoV/BUO2E-F156/Hip_cf._rub/GHA/2011	Human coronavirus 229E	KT253283	816	2011	Bat	Hipposideros cf. ruber	Ghana	genomic RNA	
BtCoV/BUO2E-F157/Hip_cf._rub/GHA/2011	Human coronavirus 229E	KT253284	816	2011	Bat	Hipposideros cf. ruber	Ghana	genomic RNA	
BtCoV/BUO2E-F159/Hip_cf._rub/GHA/2011	Human coronavirus 229E	KT253285	816	2011	Bat	Hipposideros cf. ruber	Ghana	genomic RNA	
BtCoV/BUO2E-F160/Hip_cf._rub/GHA/2011	Human coronavirus 229E	KT253286	816	2011	Bat	Hipposideros cf. ruber	Ghana	genomic RNA	
BtCoV/BUO2E-F27/Hip_cf._rub/GHA/2011	Human coronavirus 229E	KT253287	816	2011	Bat	Hipposideros cf. ruber	Ghana	genomic RNA	
BtCoV/BUO2E-F39/Hip_cf._rub/GHA/2011	Human coronavirus 229E	KT253288	816	2011	Bat	Hipposideros cf. ruber	Ghana	genomic RNA	
BtCoV/BUO2E-F58/Hip_cf._rub/GHA/2011	Human coronavirus 229E	KT253262	5005	2011	Bat	Hipposideros cf. ruber	Ghana	genomic RNA	
BtCoV/FO-A-42/Hip_aba/GHA/2010	Human coronavirus 229E	KT253261	5005	2010	Bat	Hipposideros abae	Ghana	genomic RNA	
BtCoV/FO-A-58/Hip_aba/GHA/2010	Human coronavirus 229E	KT253289	816	2010	Bat	Hipposideros abae	Ghana	genomic RNA	
BtCoV/FO-A-73/Hip_cf._rub/GHA/2010	Human coronavirus 229E	KT253290	816	2010	Bat	Hipposideros cf. ruber	Ghana	genomic RNA	
BtCoV/FO1A-F2/Hip_aba/GHA/2010	Human coronavirus 229E	KT253270	28020	2010	Bat	Hipposideros abae	Ghana	genomic RNA	
BtCoV/FO1E-F11/Hip_cf._rub/GHA/2011	Human coronavirus 229E	KT253291	816	2011	Bat	Hipposideros cf. ruber	Ghana	genomic RNA	
BtCoV/FO1E-F65/Hip_cf._rub/GHA/2011	Human coronavirus 229E	KT253292	816	2011	Bat	Hipposideros cf. ruber	Ghana	genomic RNA	
BtCoV/FO1E-F66/Hip_cf._rub/GHA/2011	Human coronavirus 229E	KT253263	5005	2011	Bat	Hipposideros cf. ruber	Ghana	genomic RNA	
BtCoV/FO1E-F67/Hip_cf._rub/GHA/2011	Human coronavirus 229E	KT253267	5005	2011	Bat	Hipposideros cf. ruber	Ghana	genomic RNA	
BtCoV/GB59-22/Hip_cf._rub/GHA/2009	Human coronavirus 229E	KT253293	816	2009	Bat	Hipposideros cf. ruber	Ghana	genomic RNA	
BtCoV/GB59-67/Hip_aba/GHA/2009	Human coronavirus 229E	KT253294	816	2009	Bat	Hipposideros abae	Ghana	genomic RNA	
BtCoV/GB59-69/Hip_cf._rub/GHA/2009	Human coronavirus 229E	KT253295	816	2009	Bat	Hipposideros cf. ruber	Ghana	genomic RNA	
BtCoV/KW1C-F161/Hip_cf._rub/GHA/2010	Human coronavirus 229E	KT253264	5632	2010	Bat	Hipposideros cf. ruber	Ghana	genomic RNA	
BtCoV/KW1E-F12/Hip_cf._rub/GHA/2011	Human coronavirus 229E	KT253265	5005	2011	Bat	Hipposideros cf. ruber	Ghana	genomic RNA	
BtCoV/KW1E-F77/Hip_aba/GHA/2011	Human coronavirus 229E	KT253296	816	2011	Bat	Hipposideros abae	Ghana	genomic RNA	
BtCoV/KW2E-F128/Hip_cf._rub/GHA/2011	Human coronavirus 229E	KT253297	816	2011	Bat	Hipposideros cf. ruber	Ghana	genomic RNA	
BtCoV/KW2E-F151/Hip_cf._rub/GHA/2011	Human coronavirus 229E	KT253269	28026	2011	Bat	Hipposideros cf. ruber	Ghana	genomic RNA	
BtCoV/KW2E-F56/Hip_cf._rub/GHA/2011	Human coronavirus 229E	KT253271	28754	2011	Bat	Hipposideros cf. ruber	Ghana	genomic RNA	
BtCoV/KW2E-F73/Hip_cf._rub/GHA/2011	Human coronavirus 229E	KT253268	5635	2011	Bat	Hipposideros cf. ruber	Ghana	genomic RNA	
BtCoV/KWTELE-13/Hip_cf._rub/GHA/2011	Human coronavirus 229E	KT253298	816	2011	Bat	Hipposideros cf. ruber	Ghana	genomic RNA	
BtCoV/KWTELE-9/Hip_cf._rub/GHA/2011	Human coronavirus 229E	KT253299	816	2011	Bat	Hipposideros cf. ruber	Ghana	genomic RNA	
BtKY229E-1	Human coronavirus 229E	KY073747	27837	06/20/2009	Bat	Hipposideros sp.	Kenya	genomic RNA	
BtKY229E-8	Human coronavirus 229E	KY073748	27636	06/2010	Bat	Hipposideros vittatus	Kenya	genomic RNA	
CA08-1/2008	Human coronavirus 229E	JQ410000	27374	2008	Camel	Vicugna pacos	USA	genomic RNA	
camel/Abu Dhabi/B38	Human coronavirus 229E	MF593473	27389	2015	Camel	camel	United Arab Emirates	genomic RNA	
camel/Riyadh/Ry141/2015	Human coronavirus 229E	NC_028752*	27395	03/2015	Camel	camel	Saudi Arabia	genomic RNA	
Camel229E-CoV/AC04/KSA/2014	Human coronavirus 229E	KT253327	27241	2014	Camel	Camelus dromedarius	Saudi Arabia	genomic RNA	
Camel229E-CoV/JC49/KSA/2014	Human coronavirus 229E	KT253325	27193	2014	Camel	Camelus dromedarius	Saudi Arabia	genomic RNA	
Camel229E-CoV/JC50/KSA/2014	Human coronavirus 229E	KT253324	27395	2014	Camel	Camelus dromedarius	Saudi Arabia	genomic RNA	
Camel229E-CoV/JC50_HUH7/KSA/2014	Human coronavirus 229E	KT253328	27270	2014	Camel	Camelus dromedarius	Saudi Arabia	genomic RNA	
Camel229E-CoV/JC52/KSA/2014	Human coronavirus 229E	KT253326	27193	2014	Camel	Camelus dromedarius	Saudi Arabia	genomic RNA	
Camel229E-CoV/KCSP1/KEN/2015	Human coronavirus 229E	KU291449	27164	2015	Camel	Camelus dromedarius	Kenya	genomic RNA	
0349	Human coronavirus 229E	JX503060	27263	2010	Human	Homo sapiens	Netherlands	genomic RNA	
1-26	Human coronavirus 229E	AY386387	1702	-N/A-	Unknown	-N/A-	-N/A-	genomic RNA	
1027	Human coronavirus 229E	AY386385	1702	-N/A-	Unknown	-N/A-	-N/A-	genomic RNA	
102NSD2	Human coronavirus 229E	AY386395	1702	-N/A-	Unknown	-N/A-	-N/A-	genomic RNA	
1048	Human coronavirus 229E	AY386383	1702	-N/A-	Unknown	-N/A-	-N/A-	genomic RNA	
1060-Yamagata-2010	Human coronavirus 229E	LC005741	1098	2010	Human	Homo sapiens	Japan	genomic RNA	
11949_2011	Human coronavirus 229E	KM055524	1170	2011	Human	Homo sapiens	China	genomic RNA	
11949_2011	Human coronavirus 229E	KM055531	3516	2011	Human	Homo sapiens	China	genomic RNA	
11949_2011	Human coronavirus 229E	KM055590	2780	2011	Human	Homo sapiens	China	genomic RNA	
12MYKL0011	Human coronavirus 229E	KT359730	767	2012	Human	Homo sapiens	Malaysia	genomic RNA	
12MYKL0011	Human coronavirus 229E	KT359752	1180	2012	Human	Homo sapiens	Malaysia	genomic RNA	
12MYKL0011	Human coronavirus 229E	KT359770	850	2012	Human	Homo sapiens	Malaysia	genomic RNA	
12MYKL0051	Human coronavirus 229E	KT359731	767	2012	Human	Homo sapiens	Malaysia	genomic RNA	
12MYKL0051	Human coronavirus 229E	KT359753	1180	2012	Human	Homo sapiens	Malaysia	genomic RNA	
12MYKL0051	Human coronavirus 229E	KT359771	850	2012	Human	Homo sapiens	Malaysia	genomic RNA	
12MYKL0052	Human coronavirus 229E	KT359732	767	2012	Human	Homo sapiens	Malaysia	genomic RNA	
12MYKL0052	Human coronavirus 229E	KT359754	1180	2012	Human	Homo sapiens	Malaysia	genomic RNA	
12MYKL0052	Human coronavirus 229E	KT359772	850	2012	Human	Homo sapiens	Malaysia	genomic RNA	
12MYKL0106	Human coronavirus 229E	KT359733	767	2012	Human	Homo sapiens	Malaysia	genomic RNA	
12MYKL0106	Human coronavirus 229E	KT359755	1168	2012	Human	Homo sapiens	Malaysia	genomic RNA	
12MYKL0126	Human coronavirus 229E	KT359734	767	2012	Human	Homo sapiens	Malaysia	genomic RNA	
12MYKL0126	Human coronavirus 229E	KT359756	1180	2012	Human	Homo sapiens	Malaysia	genomic RNA	
12MYKL0126	Human coronavirus 229E	KT359773	850	2012	Human	Homo sapiens	Malaysia	genomic RNA	
12MYKL0335	Human coronavirus 229E	KT359735	767	2012	Human	Homo sapiens	Malaysia	genomic RNA	
12MYKL0335	Human coronavirus 229E	KT359757	1180	2012	Human	Homo sapiens	Malaysia	genomic RNA	
12MYKL0335	Human coronavirus 229E	KT359774	850	2012	Human	Homo sapiens	Malaysia	genomic RNA	
12MYKL0367	Human coronavirus 229E	KT359736	767	2012	Human	Homo sapiens	Malaysia	genomic RNA	
12MYKL0367	Human coronavirus 229E	KT359758	1180	2012	Human	Homo sapiens	Malaysia	genomic RNA	
12MYKL0367	Human coronavirus 229E	KT359775	850	2012	Human	Homo sapiens	Malaysia	genomic RNA	
12MYKL0415	Human coronavirus 229E	KT359737	767	2012	Human	Homo sapiens	Malaysia	genomic RNA	
12MYKL0415	Human coronavirus 229E	KT359759	1180	2012	Human	Homo sapiens	Malaysia	genomic RNA	
12MYKL0415	Human coronavirus 229E	KT359776	850	2012	Human	Homo sapiens	Malaysia	genomic RNA	
12MYKL0424	Human coronavirus 229E	KT359738	767	2012	Human	Homo sapiens	Malaysia	genomic RNA	
12MYKL0424	Human coronavirus 229E	KT359777	829	2012	Human	Homo sapiens	Malaysia	genomic RNA	
12MYKL0543	Human coronavirus 229E	KT359739	767	2012	Human	Homo sapiens	Malaysia	genomic RNA	
12MYKL0543	Human coronavirus 229E	KT359760	1180	2012	Human	Homo sapiens	Malaysia	genomic RNA	
12MYKL0543	Human coronavirus 229E	KT359778	850	2012	Human	Homo sapiens	Malaysia	genomic RNA	
12MYKL0667	Human coronavirus 229E	KT359740	767	2012	Human	Homo sapiens	Malaysia	genomic RNA	
12MYKL0667	Human coronavirus 229E	KT359761	1180	2012	Human	Homo sapiens	Malaysia	genomic RNA	
12MYKL0667	Human coronavirus 229E	KT359779	850	2012	Human	Homo sapiens	Malaysia	genomic RNA	
12MYKL0784	Human coronavirus 229E	KT359741	767	2012	Human	Homo sapiens	Malaysia	genomic RNA	
12MYKL0784	Human coronavirus 229E	KT359780	850	2012	Human	Homo sapiens	Malaysia	genomic RNA	
12MYKL0929	Human coronavirus 229E	KT359742	767	2012	Human	Homo sapiens	Malaysia	genomic RNA	
12MYKL1076	Human coronavirus 229E	KT359743	767	2012	Human	Homo sapiens	Malaysia	genomic RNA	
12MYKL1076	Human coronavirus 229E	KT359762	1168	2012	Human	Homo sapiens	Malaysia	genomic RNA	
12MYKL1102	Human coronavirus 229E	KT359744	767	2012	Human	Homo sapiens	Malaysia	genomic RNA	
12MYKL1102	Human coronavirus 229E	KT359763	1180	2012	Human	Homo sapiens	Malaysia	genomic RNA	
12MYKL1102	Human coronavirus 229E	KT359781	850	2012	Human	Homo sapiens	Malaysia	genomic RNA	
12MYKL1271	Human coronavirus 229E	KT359745	767	2012	Human	Homo sapiens	Malaysia	genomic RNA	
12MYKL1271	Human coronavirus 229E	KT359764	1180	2012	Human	Homo sapiens	Malaysia	genomic RNA	
12MYKL1271	Human coronavirus 229E	KT359782	850	2012	Human	Homo sapiens	Malaysia	genomic RNA	
12MYKL1586	Human coronavirus 229E	KT359746	767	2012	Human	Homo sapiens	Malaysia	genomic RNA	
12MYKL1586	Human coronavirus 229E	KT359765	1180	2012	Human	Homo sapiens	Malaysia	genomic RNA	
12MYKL1586	Human coronavirus 229E	KT359783	850	2012	Human	Homo sapiens	Malaysia	genomic RNA	
12MYKL1616	Human coronavirus 229E	KT359747	767	2012	Human	Homo sapiens	Malaysia	genomic RNA	
12MYKL1616	Human coronavirus 229E	KT359766	1180	2012	Human	Homo sapiens	Malaysia	genomic RNA	
12MYKL1616	Human coronavirus 229E	KT359784	850	2012	Human	Homo sapiens	Malaysia	genomic RNA	
13-18	Human coronavirus 229E	AY386392	1736	-N/A-	Unknown	-N/A-	-N/A-	genomic RNA	
13-4	Human coronavirus 229E	AY386386	1702	-N/A-	Unknown	-N/A-	-N/A-	genomic RNA	
13MYKL1719	Human coronavirus 229E	KT359748	767	2013	Human	Homo sapiens	Malaysia	genomic RNA	
13MYKL1719	Human coronavirus 229E	KT359767	1180	2013	Human	Homo sapiens	Malaysia	genomic RNA	
13MYKL1719	Human coronavirus 229E	KT359785	850	2013	Human	Homo sapiens	Malaysia	genomic RNA	
13MYKL1847	Human coronavirus 229E	KT359749	767	2013	Human	Homo sapiens	Malaysia	genomic RNA	
13MYKL1847	Human coronavirus 229E	KT359768	1168	2013	Human	Homo sapiens	Malaysia	genomic RNA	
13MYKL1883	Human coronavirus 229E	KT359769	1165	2013	Human	Homo sapiens	Malaysia	genomic RNA	
13MYKL1950	Human coronavirus 229E	KT359750	767	2013	Human	Homo sapiens	Malaysia	genomic RNA	
13MYKL1978	Human coronavirus 229E	KT359751	767	2013	Human	Homo sapiens	Malaysia	genomic RNA	
1424A_2009	Human coronavirus 229E	KM055525	1170	2009	Human	Homo sapiens	China	genomic RNA	
1424A_2009	Human coronavirus 229E	KM055560	3513	2009	Human	Homo sapiens	China	genomic RNA	
1424A_2009	Human coronavirus 229E	KM055561	2780	2009	Human	Homo sapiens	China	genomic RNA	
1482A_2009	Human coronavirus 229E	KM055526	1170	2009	Human	Homo sapiens	China	genomic RNA	
1482A_2009	Human coronavirus 229E	KM055553	3513	2009	Human	Homo sapiens	China	genomic RNA	
1482A_2009	Human coronavirus 229E	KM055562	2780	2009	Human	Homo sapiens	China	genomic RNA	
1512A_2009	Human coronavirus 229E	KM055501	1170	2009	Human	Homo sapiens	China	genomic RNA	
1512A_2009	Human coronavirus 229E	KM055532	3516	2009	Human	Homo sapiens	China	genomic RNA	
1512A_2009	Human coronavirus 229E	KM055563	2780	2009	Human	Homo sapiens	China	genomic RNA	
1518A_2009	Human coronavirus 229E	KM055502	1170	2009	Human	Homo sapiens	China	genomic RNA	
1518A_2009	Human coronavirus 229E	KM055533	3516	2009	Human	Homo sapiens	China	genomic RNA	
1518A_2009	Human coronavirus 229E	KM055564	2780	2009	Human	Homo sapiens	China	genomic RNA	
1546A_2009	Human coronavirus 229E	KM055503	1170	2009	Human	Homo sapiens	China	genomic RNA	
1546A_2009	Human coronavirus 229E	KM055534	3516	2009	Human	Homo sapiens	China	genomic RNA	
1546A_2009	Human coronavirus 229E	KM055565	2780	2009	Human	Homo sapiens	China	genomic RNA	
1610	Human coronavirus 229E	AY386389	1700	-N/A-	Unknown	-N/A-	-N/A-	genomic RNA	
1623	Human coronavirus 229E	AY386384	1702	-N/A-	Unknown	-N/A-	-N/A-	genomic RNA	
1649A_2009	Human coronavirus 229E	KM055527	1170	2009	Human	Homo sapiens	China	genomic RNA	
1649A_2009	Human coronavirus 229E	KM055535	3516	2009	Human	Homo sapiens	China	genomic RNA	
1649A_2009	Human coronavirus 229E	KM055566	2780	2009	Human	Homo sapiens	China	genomic RNA	
1658A_2009	Human coronavirus 229E	KM055504	1170	2009	Human	Homo sapiens	China	genomic RNA	
1658A_2009	Human coronavirus 229E	KM055536	3516	2009	Human	Homo sapiens	China	genomic RNA	
1658A_2009	Human coronavirus 229E	KM055567	2780	2009	Human	Homo sapiens	China	genomic RNA	
1667A_2009	Human coronavirus 229E	KM055505	1170	2009	Human	Homo sapiens	China	genomic RNA	
1667A_2009	Human coronavirus 229E	KM055537	3516	2009	Human	Homo sapiens	China	genomic RNA	
1667A_2009	Human coronavirus 229E	KM055568	2780	2009	Human	Homo sapiens	China	genomic RNA	
1761A_2010	Human coronavirus 229E	KM055506	1170	2010	Human	Homo sapiens	China	genomic RNA	
1761A_2010	Human coronavirus 229E	KM055538	3516	2010	Human	Homo sapiens	China	genomic RNA	
1761A_2010	Human coronavirus 229E	KM055569	2780	2010	Human	Homo sapiens	China	genomic RNA	
1781A_2010	Human coronavirus 229E	KM055507	1170	2010	Human	Homo sapiens	China	genomic RNA	
1781A_2010	Human coronavirus 229E	KM055539	3516	2010	Human	Homo sapiens	China	genomic RNA	
1781A_2010	Human coronavirus 229E	KM055570	2780	2010	Human	Homo sapiens	China	genomic RNA	
1782A_2010	Human coronavirus 229E	KM055508	1170	2010	Human	Homo sapiens	China	genomic RNA	
1782A_2010	Human coronavirus 229E	KM055540	3516	2010	Human	Homo sapiens	China	genomic RNA	
1782A_2010	Human coronavirus 229E	KM055571	2780	2010	Human	Homo sapiens	China	genomic RNA	
1827A_2010	Human coronavirus 229E	KM055509	1170	2010	Human	Homo sapiens	China	genomic RNA	
1827A_2010	Human coronavirus 229E	KM055541	3516	2010	Human	Homo sapiens	China	genomic RNA	
1827A_2010	Human coronavirus 229E	KM055572	2780	2010	Human	Homo sapiens	China	genomic RNA	
1829A_2010	Human coronavirus 229E	KM055510	1170	2010	Human	Homo sapiens	China	genomic RNA	
1829A_2010	Human coronavirus 229E	KM055542	3516	2010	Human	Homo sapiens	China	genomic RNA	
1829A_2010	Human coronavirus 229E	KM055573	2780	2010	Human	Homo sapiens	China	genomic RNA	
18D2NS	Human coronavirus 229E	AY386382	1702	-N/A-	Unknown	-N/A-	-N/A-	genomic RNA	
1990A_2010	Human coronavirus 229E	KM055511	1170	2010	Human	Homo sapiens	China	genomic RNA	
1990A_2010	Human coronavirus 229E	KM055543	3516	2010	Human	Homo sapiens	China	genomic RNA	
1990A_2010	Human coronavirus 229E	KM055574	2780	2010	Human	Homo sapiens	China	genomic RNA	
229E	Human coronavirus 229E	AF304460	27317	-N/A-	Unknown	-N/A-	-N/A-	genomic RNA	
229E	Human coronavirus 229E	AF344186	3600	-N/A-	Unknown	-N/A-	-N/A-	genomic RNA	
229E	Human coronavirus 229E	AF344187	3600	-N/A-	Unknown	-N/A-	-N/A-	genomic RNA	
229E	Human coronavirus 229E	AF344188	3600	-N/A-	Unknown	-N/A-	-N/A-	genomic RNA	
229E	Human coronavirus 229E	AF344189	3600	-N/A-	Unknown	-N/A-	-N/A-	genomic RNA	
229E	Human coronavirus 229E	AY751810	176	-N/A-	Unknown	-N/A-	Thailand	genomic RNA	
229E	Human coronavirus 229E	AY751811	176	-N/A-	Unknown	-N/A-	Thailand	genomic RNA	
229E	Human coronavirus 229E	AY751812	176	-N/A-	Unknown	-N/A-	Thailand	genomic RNA	
229E	Human coronavirus 229E	AY751813	174	-N/A-	Unknown	-N/A-	Thailand	genomic RNA	
229E	Human coronavirus 229E	AY751814	174	-N/A-	Unknown	-N/A-	Thailand	genomic RNA	
229E	Human coronavirus 229E	AY751815	174	-N/A-	Unknown	-N/A-	-N/A-	genomic RNA	
229E	Human coronavirus 229E	AY751816	174	-N/A-	Unknown	-N/A-	-N/A-	genomic RNA	
229E	Human coronavirus 229E	AY751817	305	-N/A-	Unknown	-N/A-	Thailand	genomic RNA	
229E	Human coronavirus 229E	AY751818	305	-N/A-	Unknown	-N/A-	-N/A-	genomic RNA	
229E	Human coronavirus 229E	AY754762	174	-N/A-	Unknown	-N/A-	Thailand	genomic RNA	
229E	Human coronavirus 229E	KF285470	1603	-N/A-	Human	Homo sapiens	Sweden	genomic RNA	
229E	Human coronavirus 229E	KF285471	1603	-N/A-	Human	Homo sapiens	Sweden	genomic RNA	
229E	Human coronavirus 229E	KF285472	1603	-N/A-	Human	Homo sapiens	Sweden	genomic RNA	
229E	Human coronavirus 229E	KF285473	1603	-N/A-	Human	Homo sapiens	Sweden	genomic RNA	
229E	Human coronavirus 229E	KF285474	1603	-N/A-	Human	Homo sapiens	Sweden	genomic RNA	
229E	Human coronavirus 229E	KF285475	1603	-N/A-	Human	Homo sapiens	Sweden	genomic RNA	
229E	Human coronavirus 229E	KF285476	1603	-N/A-	Human	Homo sapiens	Sweden	genomic RNA	
229E	Human coronavirus 229E	KF285477	1603	-N/A-	Human	Homo sapiens	Sweden	genomic RNA	
229E	Human coronavirus 229E	KF285478	1603	-N/A-	Human	Homo sapiens	Sweden	genomic RNA	
229E	Human coronavirus 229E	KF285479	1603	-N/A-	Human	Homo sapiens	Sweden	genomic RNA	
229E	Human coronavirus 229E	KF285480	1756	-N/A-	Human	Homo sapiens	Sweden	genomic RNA	
229E	Human coronavirus 229E	KF285481	1315	-N/A-	Human	Homo sapiens	Sweden	genomic RNA	
229E	Human coronavirus 229E	KF285482	1315	-N/A-	Human	Homo sapiens	Sweden	genomic RNA	
229E	Human coronavirus 229E	KF293662	1070	-N/A-	Human	Homo sapiens	Sweden	genomic RNA	
229E	Human coronavirus 229E	KF293663	1070	-N/A-	Human	Homo sapiens	Sweden	genomic RNA	
229E	Human coronavirus 229E	KF293664	26897	-N/A-	Human	Homo sapiens	Sweden	genomic RNA	
229E	Human coronavirus 229E	KF293665	26897	-N/A-	Human	Homo sapiens	Sweden	genomic RNA	
229E	Human coronavirus 229E	KF293666	26897	-N/A-	Human	Homo sapiens	Sweden	genomic RNA	
229E	Human coronavirus 229E	KJ768612	497	12/13/2011	Human	Homo sapiens	Ghana	genomic RNA	
229E	Human coronavirus 229E	KJ768613	498	12/14/2011	Human	Homo sapiens	Ghana	genomic RNA	
229E	Human coronavirus 229E	KJ768614	497	12/07/2011	Human	Homo sapiens	Ghana	genomic RNA	
229E	Human coronavirus 229E	KJ768615	497	12/13/2011	Human	Homo sapiens	Ghana	genomic RNA	
229E	Human coronavirus 229E	KJ768616	497	02/17/2012	Human	Homo sapiens	Ghana	genomic RNA	
229E	Human coronavirus 229E	KJ768617	497	01/04/2012	Human	Homo sapiens	Ghana	genomic RNA	
229E	Human coronavirus 229E	KJ768618	497	01/04/2012	Human	Homo sapiens	Ghana	genomic RNA	
229E	Human coronavirus 229E	KJ768619	497	01/04/2012	Human	Homo sapiens	Ghana	genomic RNA	
229E	Human coronavirus 229E	KJ768620	497	07/18/2012	Human	Homo sapiens	Ghana	genomic RNA	
229E	Human coronavirus 229E	KJ768621	407	05/11/2012	Human	Homo sapiens	Ghana	genomic RNA	
229E	Human coronavirus 229E	KJ796450	502	12/13/2011	Human	Homo sapiens	Ghana	genomic RNA	
229E	Human coronavirus 229E	KJ796451	502	12/08/2011	Human	Homo sapiens	Ghana	genomic RNA	
229E	Human coronavirus 229E	KJ796452	502	12/08/2011	Human	Homo sapiens	Ghana	genomic RNA	
229E	Human coronavirus 229E	KJ796453	502	12/13/2011	Human	Homo sapiens	Ghana	genomic RNA	
229E	Human coronavirus 229E	KJ796454	502	03/19/2012	Human	Homo sapiens	Ghana	genomic RNA	
229E	Human coronavirus 229E	KJ796455	502	10/24/2011	Human	Homo sapiens	Ghana	genomic RNA	
229E	Human coronavirus 229E	KJ796456	502	03/19/2012	Human	Homo sapiens	Ghana	genomic RNA	
229E	Human coronavirus 229E	KJ796457	502	12/08/2011	Human	Homo sapiens	Ghana	genomic RNA	
229E	Human coronavirus 229E	KJ796458	502	12/08/2011	Human	Homo sapiens	Ghana	genomic RNA	
229E	Human coronavirus 229E	KJ796459	502	12/08/2011	Human	Homo sapiens	Ghana	genomic RNA	
229E	Human coronavirus 229E	KJ796460	502	12/08/2011	Human	Homo sapiens	Ghana	genomic RNA	
229E	Human coronavirus 229E	KJ796461	502	12/19/2011	Human	Homo sapiens	Ghana	genomic RNA	
229E	Human coronavirus 229E	KJ796462	502	12/21/2011	Human	Homo sapiens	Ghana	genomic RNA	
229E	Human coronavirus 229E	KJ796463	502	03/19/2012	Human	Homo sapiens	Ghana	genomic RNA	
229E	Human coronavirus 229E	KJ866056	411	05/15/2013	Human	Homo sapiens	Thailand	genomic RNA	
229E	Human coronavirus 229E	KJ866057	411	06/12/2013	Human	Homo sapiens	Thailand	genomic RNA	
229E	Human coronavirus 229E	KJ866058	411	02/04/2012	Human	Homo sapiens	Thailand	genomic RNA	
229E	Human coronavirus 229E	KJ866059	411	02/04/2012	Human	Homo sapiens	Thailand	genomic RNA	
229E	Human coronavirus 229E	KJ866060	411	05/22/2012	Human	Homo sapiens	Thailand	genomic RNA	
229E	Human coronavirus 229E	KJ866102	1059	05/15/2013	Human	Homo sapiens	Thailand	genomic RNA	
229E	Human coronavirus 229E	KJ866103	1059	06/12/2013	Human	Homo sapiens	Thailand	genomic RNA	
229E	Human coronavirus 229E	KJ866104	1059	02/04/2012	Human	Homo sapiens	Thailand	genomic RNA	
229E	Human coronavirus 229E	KJ866105	1059	02/04/2012	Human	Homo sapiens	Thailand	genomic RNA	
229E	Human coronavirus 229E	KJ866106	1059	05/22/2012	Human	Homo sapiens	Thailand	genomic RNA	
229E	Human coronavirus 229E	NC_002645*	27317	-N/A-	Unknown	-N/A-	-N/A-	genomic RNA	
229E	Human coronavirus 229E	X15498	747	-N/A-	Unknown	-N/A-	-N/A-	genomic RNA	
229E	Human coronavirus 229E	X16816	3600	-N/A-	Unknown	-N/A-	-N/A-	genomic RNA	
229E	Human coronavirus 229E	X51325	1576	-N/A-	Unknown	-N/A-	-N/A-	mRNA	
229E	Human coronavirus 229E	X64942	700	-N/A-	Unknown	-N/A-	-N/A-	genomic RNA	
229E.	Human coronavirus 229E	X15654	990	-N/A-	Unknown	-N/A-	-N/A-	genomic RNA	
229E/Haiti-1/2016	Human coronavirus 229E	MF542265	27271	03/2016	Human	Homo sapiens	Haiti	genomic RNA	
229E/human/USA/892-11/1989	Human coronavirus 229E	KF514429	27163	02/07/1989	Human	Homo sapiens; sex: M; age: 16Y	USA	genomic RNA	
229E/human/USA/932-72/1993	Human coronavirus 229E	KF514432	27138	02/22/1993	Human	Homo sapiens; sex: F; age: 8Y	USA	genomic RNA	
229E/human/USA/933-40/1993	Human coronavirus 229E	KF514433	27165	03/11/1993	Human	Homo sapiens; sex: F; age: 12Y	USA	genomic RNA	
229E/human/USA/933-50/1993	Human coronavirus 229E	KF514430	27169	03/18/1993	Human	Homo sapiens; sex: M; age: 4Y	USA	genomic RNA	
229E/human/USA/953-49/1995	Human coronavirus 229E	KF514431	27117	03/23/1995	Human	Homo sapiens; sex: M; age: 8Y	USA	genomic RNA	
229E/UF-1/2016	Human coronavirus 229E	KY996417	27270	11/23/2016	Unknown	-N/A-	USA	genomic RNA	
2764A_2011	Human coronavirus 229E	KM055512	1170	2011	Human	Homo sapiens	China	genomic RNA	
2764A_2011	Human coronavirus 229E	KM055544	3516	2011	Human	Homo sapiens	China	genomic RNA	
2764A_2011	Human coronavirus 229E	KM055575	2780	2011	Human	Homo sapiens	China	genomic RNA	
2861A_2011	Human coronavirus 229E	KM055528	1170	2011	Human	Homo sapiens	China	genomic RNA	
2861A_2011	Human coronavirus 229E	KM055548	3516	2011	Human	Homo sapiens	China	genomic RNA	
2861A_2011	Human coronavirus 229E	KM055576	2780	2011	Human	Homo sapiens	China	genomic RNA	
2961A_2011	Human coronavirus 229E	KM055513	1170	2011	Human	Homo sapiens	China	genomic RNA	
2961A_2011	Human coronavirus 229E	KM055549	3516	2011	Human	Homo sapiens	China	genomic RNA	
2961A_2011	Human coronavirus 229E	KM055577	2780	2011	Human	Homo sapiens	China	genomic RNA	
2981A_2011	Human coronavirus 229E	KM055529	1170	2011	Human	Homo sapiens	China	genomic RNA	
2981A_2011	Human coronavirus 229E	KM055550	3516	2011	Human	Homo sapiens	China	genomic RNA	
2981A_2011	Human coronavirus 229E	KM055578	2780	2011	Human	Homo sapiens	China	genomic RNA	
29NSD2	Human coronavirus 229E	AY386380	1702	-N/A-	Unknown	-N/A-	-N/A-	genomic RNA	
29NSD4	Human coronavirus 229E	AY386388	1702	-N/A-	Unknown	-N/A-	-N/A-	genomic RNA	
359A_2007	Human coronavirus 229E	KM055514	1170	2007	Human	Homo sapiens	China	genomic RNA	
359A_2007	Human coronavirus 229E	KM055551	3513	2007	Human	Homo sapiens	China	genomic RNA	
359A_2007	Human coronavirus 229E	KM055579	2780	2007	Human	Homo sapiens	China	genomic RNA	
40NSD2	Human coronavirus 229E	AY386381	1702	-N/A-	Unknown	-N/A-	-N/A-	genomic RNA	
423A_2007	Human coronavirus 229E	KM055552	3513	2007	Human	Homo sapiens	China	genomic RNA	
423A_2007	Human coronavirus 229E	KM055580	2780	2007	Human	Homo sapiens	China	genomic RNA	
432A_2007	Human coronavirus 229E	KM055515	1170	2007	Human	Homo sapiens	China	genomic RNA	
452-Yamagata-2008	Human coronavirus 229E	LC005736	1098	2008	Human	Homo sapiens	Japan	genomic RNA	
494A_2008	Human coronavirus 229E	KM055516	1170	2008	Human	Homo sapiens	China	genomic RNA	
494A_2008	Human coronavirus 229E	KM055554	3513	2008	Human	Homo sapiens	China	genomic RNA	
494A_2008	Human coronavirus 229E	KM055581	2780	2008	Human	Homo sapiens	China	genomic RNA	
507A_2008	Human coronavirus 229E	KM055517	1170	2008	Human	Homo sapiens	China	genomic RNA	
507A_2008	Human coronavirus 229E	KM055555	3513	2008	Human	Homo sapiens	China	genomic RNA	
507A_2008	Human coronavirus 229E	KM055582	2780	2008	Human	Homo sapiens	China	genomic RNA	
55617-03	Human coronavirus 229E	AY775288	100	-N/A-	Unknown	-N/A-	-N/A-	genomic RNA	
693A_2008	Human coronavirus 229E	KM055518	1170	2008	Human	Homo sapiens	China	genomic RNA	
693A_2008	Human coronavirus 229E	KM055556	3513	2008	Human	Homo sapiens	China	genomic RNA	
693A_2008	Human coronavirus 229E	KM055583	2780	2008	Human	Homo sapiens	China	genomic RNA	
748_2005	Human coronavirus 229E	KM055519	1170	2005	Human	Homo sapiens	China	genomic RNA	
748_2005	Human coronavirus 229E	KM055557	3513	2005	Human	Homo sapiens	China	genomic RNA	
748_2005	Human coronavirus 229E	KM055584	2780	2005	Human	Homo sapiens	China	genomic RNA	
756-Yamagata-2010	Human coronavirus 229E	LC005737	1098	2010	Human	Homo sapiens	Japan	genomic RNA	
775-Yamagata-2010	Human coronavirus 229E	LC005738	1098	2010	Human	Homo sapiens	Japan	genomic RNA	
777-Yamagata-2010	Human coronavirus 229E	LC005739	1098	2010	Human	Homo sapiens	Japan	genomic RNA	
8339_2009	Human coronavirus 229E	KM055520	1170	2009	Human	Homo sapiens	China	genomic RNA	
8339_2009	Human coronavirus 229E	KM055545	3516	2009	Human	Homo sapiens	China	genomic RNA	
8339_2009	Human coronavirus 229E	KM055586	2780	2009	Human	Homo sapiens	China	genomic RNA	
8348_2009	Human coronavirus 229E	KM055521	1170	2009	Human	Homo sapiens	China	genomic RNA	
8348_2009	Human coronavirus 229E	KM055558	3513	2009	Human	Homo sapiens	China	genomic RNA	
8348_2009	Human coronavirus 229E	KM055587	2780	2009	Human	Homo sapiens	China	genomic RNA	
8373_2009	Human coronavirus 229E	KM055530	1170	2009	Human	Homo sapiens	China	genomic RNA	
8373_2009	Human coronavirus 229E	KM055546	3516	2009	Human	Homo sapiens	China	genomic RNA	
8373_2009	Human coronavirus 229E	KM055588	2780	2009	Human	Homo sapiens	China	genomic RNA	
8425_2009	Human coronavirus 229E	KM055522	1170	2009	Human	Homo sapiens	China	genomic RNA	
8425_2009	Human coronavirus 229E	KM055547	3516	2009	Human	Homo sapiens	China	genomic RNA	
8425_2009	Human coronavirus 229E	KM055589	2780	2009	Human	Homo sapiens	China	genomic RNA	
857_2005	Human coronavirus 229E	KM055523	1170	2005	Human	Homo sapiens	China	genomic RNA	
857_2005	Human coronavirus 229E	KM055559	3513	2005	Human	Homo sapiens	China	genomic RNA	
857_2005	Human coronavirus 229E	KM055585	2780	2005	Human	Homo sapiens	China	genomic RNA	
862	Human coronavirus 229E	AY386390	1678	-N/A-	Unknown	-N/A-	-N/A-	genomic RNA	
865	Human coronavirus 229E	AY386393	1678	-N/A-	Unknown	-N/A-	-N/A-	genomic RNA	
879	Human coronavirus 229E	AY386391	1678	-N/A-	Unknown	-N/A-	-N/A-	genomic RNA	
882-Yamagata-2010	Human coronavirus 229E	LC005740	1098	2010	Human	Homo sapiensc	Japan	genomic RNA	
A162	Human coronavirus 229E	Y10051	3039	-N/A-	Unknown	-N/A-	-N/A-	genomic RNA	
Arbial 2019	Human coronavirus 229E	MN086824	564	02/24/2019	Human	Homo sapiens	Iraq	genomic RNA	
ATCC VR-74	Human coronavirus 229E	Y09923	3048	-N/A-	Unknown	-N/A-	-N/A-	genomic RNA	
ATCC VR-740	Human coronavirus 229E	AB691763	3522	-N/A-	Unknown	-N/A-	-N/A-	genomic RNA	
ATCC VR-740	Human coronavirus 229E	DQ243939	1170	-N/A-	Unknown	-N/A-	-N/A-	genomic RNA	
ATCC VR-740	Human coronavirus 229E	DQ243963	3522	-N/A-	Unknown	-N/A-	-N/A-	genomic RNA	
ATCC VR-740	Human coronavirus 229E	EF198679	658	1973	Unknown	-N/A-	-N/A-	genomic RNA	
B10	Human coronavirus 229E	AY386379	1702	-N/A-	Unknown	-N/A-	-N/A-	genomic RNA	
B18	Human coronavirus 229E	AY386394	1702	-N/A-	Unknown	-N/A-	-N/A-	genomic RNA	
BJ298	Human coronavirus 229E	KM676092	385	05/2014	Human	Homo sapiens	China	genomic RNA	
CCU T935	Human coronavirus 229E	EF198675	660	1986	Unknown	-N/A-	-N/A-	genomic RNA	
CU-H2869/2011	Human coronavirus 229E	JX513245	1087	01/06/2011	Human	Homo sapiens	Thailand	genomic RNA	
CU-H2896/2011	Human coronavirus 229E	JX513211	561	01/13/2011	Human	Homo sapiens	Thailand	genomic RNA	
France/Lille/2014	Human coronavirus 229E	MH048989	3516	2014	Unknown	-N/A-	France	genomic RNA	
GRE 10/03	Human coronavirus 229E	EF103183	419	-N/A-	Unknown	-N/A-	Greece	genomic RNA	
GRE 14A/06	Human coronavirus 229E	EF103182	419	-N/A-	Unknown	-N/A-	Greece	genomic RNA	
GRE 16/03	Human coronavirus 229E	EF103184	419	-N/A-	Unknown	-N/A-	Greece	genomic RNA	
HC-Killick	Human coronavirus 229E	EF198672	660	1989	Unknown	-N/A-	-N/A-	genomic RNA	
HC-LP	Human coronavirus 229E	EF198671	542	1965	Unknown	-N/A-	-N/A-	genomic RNA	
HCoV-229-25/6/92	Human coronavirus 229E	DQ243974	3513	-N/A-	Unknown	-N/A-	Australia	genomic RNA	
HCoV-229E-11/6/79	Human coronavirus 229E	DQ243940	1170	-N/A-	Unknown	-N/A-	Australia	genomic RNA	
HCoV-229E-11/6/79	Human coronavirus 229E	DQ243964	3513	-N/A-	Unknown	-N/A-	Australia	genomic RNA	
HCoV-229E-12/5/92	Human coronavirus 229E	DQ243950	1170	-N/A-	Unknown	-N/A-	Australia	genomic RNA	
HCoV-229E-12/5/92	Human coronavirus 229E	DQ243975	3513	-N/A-	Unknown	-N/A-	Australia	genomic RNA	
HCoV-229E-14/8/03	Human coronavirus 229E	DQ243959	1170	-N/A-	Unknown	-N/A-	Australia	genomic RNA	
HCoV-229E-14/8/03	Human coronavirus 229E	DQ243984	3513	-N/A-	Unknown	-N/A-	Australia	genomic RNA	
HCoV-229E-16/6/82	Human coronavirus 229E	DQ243942	1170	-N/A-	Unknown	-N/A-	Australia	genomic RNA	
HCoV-229E-16/6/82	Human coronavirus 229E	DQ243965	3513	-N/A-	Unknown	-N/A-	Australia	genomic RNA	
HCoV-229E-17/6/92	Human coronavirus 229E	DQ243951	1170	-N/A-	Unknown	-N/A-	Australia	genomic RNA	
HCoV-229E-17/6/92	Human coronavirus 229E	DQ243976	3513	-N/A-	Unknown	-N/A-	Australia	genomic RNA	
HCoV-229E-19/8/03	Human coronavirus 229E	DQ243958	1170	-N/A-	Unknown	-N/A-	Australia	genomic RNA	
HCoV-229E-19/8/03	Human coronavirus 229E	DQ243985	3513	-N/A-	Unknown	-N/A-	Australia	genomic RNA	
HCoV-229E-20/1/04	Human coronavirus 229E	DQ243962	1170	-N/A-	Unknown	-N/A-	Australia	genomic RNA	
HCoV-229E-21/10/82	Human coronavirus 229E	DQ243944	1170	-N/A-	Unknown	-N/A-	-N/A-	genomic RNA	
HCoV-229E-21/10/82	Human coronavirus 229E	DQ243968	3513	-N/A-	Unknown	-N/A-	Australia	genomic RNA	
HCoV-229E-21/6/02	Human coronavirus 229E	DQ243979	3513	-N/A-	Unknown	-N/A-	Australia	genomic RNA	
HCoV-229E-22/9/82	Human coronavirus 229E	DQ243941	1167	-N/A-	Unknown	-N/A-	Australia	genomic RNA	
HCoV-229E-22/9/82	Human coronavirus 229E	DQ243966	3513	-N/A-	Unknown	-N/A-	Australia	genomic RNA	
HCoV-229E-24/4/03	Human coronavirus 229E	DQ243956	1170	-N/A-	Unknown	-N/A-	Australia	genomic RNA	
HCoV-229E-24/4/03	Human coronavirus 229E	DQ243981	957	-N/A-	Unknown	-N/A-	Australia	genomic RNA	
HCoV-229E-24/4/03	Human coronavirus 229E	DQ243982	1708	-N/A-	Unknown	-N/A-	Australia	genomic RNA	
HCoV-229E-24/6/90	Human coronavirus 229E	DQ243949	1170	-N/A-	Unknown	-N/A-	Australia	genomic RNA	
HCoV-229E-24/6/90	Human coronavirus 229E	DQ243973	3513	-N/A-	Unknown	-N/A-	Australia	genomic RNA	
HCoV-229E-25/6/92	Human coronavirus 229E	DQ243952	1170	-N/A-	Unknown	-N/A-	Australia	genomic RNA	
HCoV-229E-25/8/03	Human coronavirus 229E	DQ243961	1170	-N/A-	Unknown	-N/A-	Australia	genomic RNA	
HCoV-229E-25/8/03	Human coronavirus 229E	DQ243986	3513	-N/A-	Unknown	-N/A-	Australia	genomic RNA	
HCoV-229E-27/1/04	Human coronavirus 229E	DQ243987	1788	-N/A-	Unknown	-N/A-	Australia	genomic RNA	
HCoV-229E-27/8/01	Human coronavirus 229E	DQ243954	1170	-N/A-	Unknown	-N/A-	Australia	genomic RNA	
HCoV-229E-27/8/01	Human coronavirus 229E	DQ243978	3513	-N/A-	Unknown	-N/A-	Australia	genomic RNA	
HCoV-229E-28/2/03	Human coronavirus 229E	DQ243960	1170	-N/A-	Unknown	-N/A-	Australia	genomic RNA	
HCoV-229E-29/7/84	Human coronavirus 229E	DQ243948	1170	-N/A-	Unknown	-N/A-	Australia	genomic RNA	
HCoV-229E-29/7/84	Human coronavirus 229E	DQ243971	3513	-N/A-	Unknown	-N/A-	Australia	genomic RNA	
HCoV-229E-30/7/03	Human coronavirus 229E	DQ243957	1170	-N/A-	Unknown	-N/A-	Australia	genomic RNA	
HCoV-229E-30/7/03	Human coronavirus 229E	DQ243983	3513	-N/A-	Unknown	-N/A-	Australia	genomic RNA	
HCoV-229E-5/9/84	Human coronavirus 229E	DQ243947	1170	-N/A-	Unknown	-N/A-	Australia	genomic RNA	
HCoV-229E-5/9/84	Human coronavirus 229E	DQ243972	3513	-N/A-	Unknown	-N/A-	Australia	genomic RNA	
HCoV-229E-6/1/03	Human coronavirus 229E	DQ243955	1170	-N/A-	Unknown	-N/A-	Australia	genomic RNA	
HCoV-229E-6/1/03	Human coronavirus 229E	DQ243980	3513	-N/A-	Unknown	-N/A-	Australia	genomic RNA	
HCoV-229E-6/10/82	Human coronavirus 229E	DQ243943	1170	-N/A-	Unknown	-N/A-	Australia	genomic RNA	
HCoV-229E-6/10/82	Human coronavirus 229E	DQ243967	3513	-N/A-	Unknown	-N/A-	Australia	genomic RNA	
HCoV-229E-8/11/82a	Human coronavirus 229E	DQ243945	1170	-N/A-	Unknown	-N/A-	Australia	genomic RNA	
HCoV-229E-8/11/82a	Human coronavirus 229E	DQ243969	3513	-N/A-	Unknown	-N/A-	Australia	genomic RNA	
HCoV-229E-8/11/82b	Human coronavirus 229E	DQ243946	1170	-N/A-	Unknown	-N/A-	Australia	genomic RNA	
HCoV-229E-8/11/82b	Human coronavirus 229E	DQ243970	3513	-N/A-	Unknown	-N/A-	Australia	genomic RNA	
HCoV-229E-8/8/01	Human coronavirus 229E	DQ243953	1169	-N/A-	Unknown	-N/A-	Australia	genomic RNA	
HCoV-229E-8/8/01	Human coronavirus 229E	DQ243977	3513	-N/A-	Unknown	-N/A-	Australia	genomic RNA	
HCoV-229E/BN1/GER/2015	Human coronavirus 229E	KU291448	27022	2015	Human	Homo sapiens	Germany	genomic RNA	
HCoV-229E/human/GBR/KI/1975	Human coronavirus 229E	KT253300	816	1975	Human	Homo sapiens	United Kingdom	genomic RNA	
HCoV-229E/human/GBR/LP/1963	Human coronavirus 229E	KT253301	816	1963	Human	Homo sapiens	United Kingdom	genomic RNA	
HCoV-229E/human/GER/100/2008	Human coronavirus 229E	KT253302	816	2008	Human	Homo sapiens	Germany	genomic RNA	
HCoV-229E/human/GER/101/2008	Human coronavirus 229E	KT253303	816	2008	Human	Homo sapiens	Germany	genomic RNA	
HCoV-229E/human/GER/1334/2010	Human coronavirus 229E	KT253304	816	2010	Human	Homo sapiens	Germany	genomic RNA	
HCoV-229E/human/GER/1337/2010	Human coronavirus 229E	KT253305	816	2010	Human	Homo sapiens	Germany	genomic RNA	
HCoV-229E/human/GER/1551/2010	Human coronavirus 229E	KT253306	816	2010	Human	Homo sapiens	Germany	genomic RNA	
HCoV-229E/human/GER/1812/2010	Human coronavirus 229E	KT253307	816	2010	Human	Homo sapiens	Germany	genomic RNA	
HCoV-229E/human/GER/373/2011	Human coronavirus 229E	KT253308	816	2011	Human	Homo sapiens	Germany	genomic RNA	
HCoV-229E/human/GER/499/2010	Human coronavirus 229E	KT253309	816	2010	Human	Homo sapiens	Germany	genomic RNA	
HCoV-229E/human/GER/53/2008	Human coronavirus 229E	KT253310	816	2008	Human	Homo sapiens	Germany	genomic RNA	
HCoV-229E/human/GER/629/2010	Human coronavirus 229E	KT253311	816	2010	Human	Homo sapiens	Germany	genomic RNA	
HCoV-229E/human/GER/645/2010	Human coronavirus 229E	KT253312	816	2010	Human	Homo sapiens	Germany	genomic RNA	
HCoV-229E/human/GHA/83/2008	Human coronavirus 229E	KT253313	816	2008	Human	Homo sapiens	Ghana	genomic RNA	
HCoV-229E/human/GHA/860/2008	Human coronavirus 229E	KT253314	816	2008	Human	Homo sapiens	Ghana	genomic RNA	
HCoV-229E/human/GHA/938/2008	Human coronavirus 229E	KT253315	816	2008	Human	Homo sapiens	Ghana	genomic RNA	
HCoV-229E/human/GHA/939/2008	Human coronavirus 229E	KT253316	816	2008	Human	Homo sapiens	Ghana	genomic RNA	
HCoV-229E/human/GHA/997/2008	Human coronavirus 229E	KT253317	816	2008	Human	Homo sapiens	Ghana	genomic RNA	
HCoV-229E/human/HKG/HK_2_26/2002	Human coronavirus 229E	KT253318	816	2002	Human	Homo sapiens	Hong Kong	genomic RNA	
HCoV-229E/human/HKG/HK_2_26B/2002	Human coronavirus 229E	KT253319	816	2002	Human	Homo sapiens	Hong Kong	genomic RNA	
HCoV-229E/human/HKG/HK_4_27/2006	Human coronavirus 229E	KT253320	816	2006	Human	Homo sapiens	Hong Kong	genomic RNA	
HCoV-229E/human/HKG/HK_5_10/2002	Human coronavirus 229E	KT253321	816	2002	Human	Homo sapiens	Hong Kong	genomic RNA	
HCoV-229E/human/HKG/HK_7_6/2004	Human coronavirus 229E	KT253322	816	2004	Human	Homo sapiens	Hong Kong	genomic RNA	
HCoV-229E/human/NED/21050349/2010	Human coronavirus 229E	KT253323	816	2010	Human	Homo sapiens	Netherlands	genomic RNA	
HCoV/229E/N01	Human coronavirus 229E	GU068546	1641	12/17/2007	Human	Homo sapiens	China	genomic RNA	
HCoV/229E/N01	Human coronavirus 229E	GU068550	448	12/17/2007	Human	Homo sapiens	China	genomic RNA	
HCoV/229E/N02	Human coronavirus 229E	GU068547	1643	01/17/2008	Human	Homo sapiens	China	genomic RNA	
HCoV/229E/N02	Human coronavirus 229E	GU068551	461	01/17/2008	Human	Homo sapiens	China	genomic RNA	
HCoV/229E/N03	Human coronavirus 229E	GU068548	1628	01/24/2008	Human	Homo sapiens	China	genomic RNA	
HCoV/229E/N03	Human coronavirus 229E	GU068552	463	01/24/2008	Human	Homo sapiens	China	genomic RNA	
HCoV/229E/N04	Human coronavirus 229E	GU068549	1642	02/21/2008	Human	Homo sapiens	China	genomic RNA	
HCoV/229E/N04	Human coronavirus 229E	GU068553	464	02/21/2008	Human	Homo sapiens	China	genomic RNA	
HCOV/KENYA/002/2012	Human coronavirus 229E	KP112147	426	07/01/2014	Human	Homo sapiens	Kenya	genomic RNA	
HCOV/KENYA/006/2009	Human coronavirus 229E	KP112148	428	07/01/2014	Human	Homo sapiens	Kenya	genomic RNA	
HCOV/KENYA/009/2010	Human coronavirus 229E	KP112149	411	07/01/2014	Human	Homo sapiens	Kenya	genomic RNA	
HCoV_229E/Seattle/USA/SC0865/2019	Human coronavirus 229E	MN306046	27270	2019	Human	Homo sapiens	USA	genomic RNA	
HCoV_229E/Seattle/USA/SC1073/2016	Human coronavirus 229E	KY369913	27238	2016	Human	Homo sapiens	USA	genomic RNA	
HCoV_229E/Seattle/USA/SC1143/2016	Human coronavirus 229E	KY369910	27182	2016	Human	Homo sapiens	USA	genomic RNA	
HCoV_229E/Seattle/USA/SC1212/2016	Human coronavirus 229E	KY369911	27226	2016	Human	Homo sapiens	USA	genomic RNA	
HCoV_229E/Seattle/USA/SC2282/2017	Human coronavirus 229E	KY684760	27249	2016	Human	Homo sapiens	USA	genomic RNA	
HCoV_229E/Seattle/USA/SC2872/2015	Human coronavirus 229E	KY967357	27242	2015	Human	Homo sapiens	USA	genomic RNA	
HCoV_229E/Seattle/USA/SC3112/2015	Human coronavirus 229E	KY983587	27235	2015	Human	Homo sapiens	USA	genomic RNA	
HCoV_229E/Seattle/USA/SC379/2016	Human coronavirus 229E	KY621348	27144	2016	Human	Homo sapiens	USA	genomic RNA	
HCoV_229E/Seattle/USA/SC399/2016	Human coronavirus 229E	KY674914	27055	2016	Human	Homo sapiens	USA	genomic RNA	
HCoV_229E/Seattle/USA/SC579/2016	Human coronavirus 229E	KY369908	27193	2016	Human	Homo sapiens	USA	genomic RNA	
HCoV_229E/Seattle/USA/SC677/2016	Human coronavirus 229E	KY369909	26592	2016	Human	Homo sapiens	USA	genomic RNA	
HCoV_229E/Seattle/USA/SC9724/2018	Human coronavirus 229E	MN369046	27075	2018	Human	Homo sapiens	USA	genomic RNA	
HCoV_229E/Seattle/USA/SC9731/2016	Human coronavirus 229E	KY369912	27208	2016	Human	Homo sapiens	USA	genomic RNA	
HCoV_229E/Seattle/USA/SC9773/2016	Human coronavirus 229E	KY369914	27231	2016	Human	Homo sapiens	USA	genomic RNA	
HCV 229E	Human coronavirus 229E	X69721	20580	-N/A-	Unknown	-N/A-	-N/A-	mRNA	
India/Pondicherry/POM 309/2014	Human coronavirus 229E	KX268229	658	02/2014	Human	Homo sapiens; female; 32 years	India	genomic RNA	
India/Puducherry/JIM 159/2012	Human coronavirus 229E	KX255651	525	05/2012	Human	Homo sapiens	India	genomic RNA	
ITA267	Human coronavirus 229E	EF549594	81	-N/A-	Unknown	-N/A-	-N/A-	genomic RNA	
J0304	Human coronavirus 229E	JX503061	27208	2009	Human	Homo sapiens	Italy	genomic RNA	
LRI 281	Human coronavirus 229E	Y10052	3048	-N/A-	Unknown	-N/A-	-N/A-	genomic RNA	
N08-434B	Human coronavirus 229E	KY674919	27136	2016	Human	Homo sapiens	USA	genomic RNA	
Niigata/01/08	Human coronavirus 229E	AB691767	3513	2008	Unknown	-N/A-	Japan	genomic RNA	
PREDICT-GVF-CM-ECO06296	Human coronavirus 229E	KX284955	354	09/09/2012	Bat	Hipposideros caffer	Cameroon	mRNA	
PREDICT-ZB12027	Human coronavirus 229E	KX284927	387	07/30/2012	Bat	Hipposideros ruber	Republic of the Congo	mRNA	
PREDICT-ZB12046	Human coronavirus 229E	KX284928	387	07/30/2012	Bat	Hipposideros sp.	Republic of the Congo	mRNA	
PREDICT_OTBA41-20130602	Human coronavirus 229E	KX285803	286	05/30/2013	Bat	Rhinolophus sp.	Uganda	mRNA	
PREDICT_OTBA42-20130602	Human coronavirus 229E	KX285804	286	05/30/2013	Bat	Hipposideros sp.	Uganda	mRNA	
PREDICT_ZB12057	Human coronavirus 229E	KX286258	286	07/30/2012	Bat	Hipposideros caffer	Republic of the Congo	mRNA	
PUMCH6273	Human coronavirus 229E	HM130806	379	10/23/2007	Human	Homo sapiens	China	genomic RNA	
PUMCH6375	Human coronavirus 229E	HM130807	379	11/17/2007	Human	Homo sapiens	China	genomic RNA	
PUMCH6389	Human coronavirus 229E	HM130808	379	11/20/2007	Human	Homo sapiens	China	genomic RNA	
PUMCH746	Human coronavirus 229E	HM130800	379	09/24/2005	Human	Homo sapiens	China	genomic RNA	
PUMCH748	Human coronavirus 229E	HM130801	379	09/24/2005	Human	Homo sapiens	China	genomic RNA	
PUMCH7980	Human coronavirus 229E	HM130809	379	01/06/2009	Human	Homo sapiens	China	genomic RNA	
PUMCH8339	Human coronavirus 229E	HM130810	379	04/08/2009	Human	Homo sapiens	China	genomic RNA	
PUMCH8348	Human coronavirus 229E	HM130811	379	04/10/2009	Human	Homo sapiens	China	genomic RNA	
PUMCH8373	Human coronavirus 229E	HM130812	379	04/15/2009	Human	Homo sapiens	China	genomic RNA	
PUMCH8387	Human coronavirus 229E	HM130813	379	04/20/2009	Human	Homo sapiens	China	genomic RNA	
PUMCH8425	Human coronavirus 229E	HM130814	379	04/29/2009	Human	Homo sapiens	China	genomic RNA	
PUMCH857	Human coronavirus 229E	HM130802	379	10/07/2005	Human	Homo sapiens	China	genomic RNA	
PUMCH873	Human coronavirus 229E	HM130803	379	10/09/2005	Human	Homo sapiens	China	genomic RNA	
PUMCH898	Human coronavirus 229E	HM130804	379	10/12/2005	Human	Homo sapiens	China	genomic RNA	
PUMCH902	Human coronavirus 229E	HM130805	379	10/12/2005	Human	Homo sapiens	China	genomic RNA	
QPID04_0033	Human coronavirus 229E	JQ732182	225	07/17/2004	Human	Homo sapiens	Australia	genomic RNA	
RIVM 02-034	Human coronavirus 229E	EF198678	660	2002	Unknown	-N/A-	-N/A-	genomic RNA	
RIVM 02-041	Human coronavirus 229E	EF198677	660	2002	Unknown	-N/A-	-N/A-	genomic RNA	
RIVM 03-224	Human coronavirus 229E	EF198676	660	2003	Unknown	-N/A-	-N/A-	genomic RNA	
RIVM 04-037	Human coronavirus 229E	EF198673	660	2004	Unknown	-N/A-	-N/A-	genomic RNA	
Sendai-H/1121/04	Human coronavirus 229E	AB691764	3513	2004	Unknown	-N/A-	Japan	genomic RNA	
Sendai-H/1948/04	Human coronavirus 229E	AB691766	3513	2004	Unknown	-N/A-	Japan	genomic RNA	
Sendai-H/826/04	Human coronavirus 229E	AB691765	3513	2004	Unknown	-N/A-	Japan	genomic RNA	
SH-5	Human coronavirus 229E	KC294431	422	2012	Human	Homo sapiens	China	mRNA	
SH-6	Human coronavirus 229E	KC294432	438	2012	Human	Homo sapiens	China	mRNA	
SH-8	Human coronavirus 229E	KC294434	438	2012	Human	Homo sapiens	China	mRNA	
sh2922	Human coronavirus 229E	KP347630	411	-N/A-	Unknown	-N/A-	-N/A-	genomic RNA	
sh2933	Human coronavirus 229E	KP347631	411	-N/A-	Unknown	-N/A-	-N/A-	genomic RNA	
SWE 10652/04	Human coronavirus 229E	FJ235172	286	02/2004	Human	Homo sapiens	Sweden	genomic RNA	
SWE 10697/04	Human coronavirus 229E	FJ235173	286	03/2004	Human	Homo sapiens	Sweden	genomic RNA	
SWE 10724/04	Human coronavirus 229E	FJ235174	286	03/2004	Human	Homo sapiens	Sweden	genomic RNA	
SWE 36478/05	Human coronavirus 229E	FJ235175	286	04/2005	Human	Homo sapiens	Sweden	genomic RNA	
SWE 37174/06	Human coronavirus 229E	FJ235176	286	02/2006	Human	Homo sapiens	Sweden	genomic RNA	
SWE 37253/06	Human coronavirus 229E	FJ235177	286	03/2006	Human	Homo sapiens	Sweden	genomic RNA	
SWE bla gas 110051	Human coronavirus 229E	FJ235178	286	01/2006	Human	Homo sapiens	Sweden	genomic RNA	
TN93_3-40	Human coronavirus 229E	KM077070	961	-N/A-	Human	Homo sapiens	USA	genomic RNA	
TN93_3-50	Human coronavirus 229E	KM077071	961	-N/A-	Human	Homo sapiens	USA	genomic RNA	
TN95_2-39	Human coronavirus 229E	KM077069	961	-N/A-	Human	Homo sapiens	USA	genomic RNA	
UNKNOWN-CS123973	Human coronavirus 229E	CS123973	129	-N/A-	Unknown	-N/A-	-N/A-	unassigned DNA	
UNKNOWN-CS123975	Human coronavirus 229E	CS123975	145	-N/A-	Unknown	-N/A-	-N/A-	unassigned DNA	
UNKNOWN-CS123977	Human coronavirus 229E	CS123977	71	-N/A-	Unknown	-N/A-	-N/A-	unassigned DNA	
UNKNOWN-CS123978	Human coronavirus 229E	CS123978	134	-N/A-	Unknown	-N/A-	-N/A-	unassigned DNA	
UNKNOWN-CS123980	Human coronavirus 229E	CS123980	207	-N/A-	Unknown	-N/A-	-N/A-	unassigned DNA	
UNKNOWN-CS123982	Human coronavirus 229E	CS123982	207	-N/A-	Unknown	-N/A-	-N/A-	unassigned DNA	
UNKNOWN-CS123984	Human coronavirus 229E	CS123984	71	-N/A-	Unknown	-N/A-	-N/A-	unassigned DNA	
UNKNOWN-CS123986	Human coronavirus 229E	CS123986	107	-N/A-	Unknown	-N/A-	-N/A-	unassigned DNA	
UNKNOWN-DJ009214	Human coronavirus 229E	DJ009214	129	-N/A-	Unknown	-N/A-	-N/A-	unassigned DNA	
UNKNOWN-DJ009215	Human coronavirus 229E	DJ009215	145	-N/A-	Unknown	-N/A-	-N/A-	unassigned DNA	
UNKNOWN-DJ009216	Human coronavirus 229E	DJ009216	71	-N/A-	Unknown	-N/A-	-N/A-	unassigned DNA	
UNKNOWN-DJ009217	Human coronavirus 229E	DJ009217	134	-N/A-	Unknown	-N/A-	-N/A-	unassigned DNA	
UNKNOWN-DJ009218	Human coronavirus 229E	DJ009218	207	-N/A-	Unknown	-N/A-	-N/A-	unassigned DNA	
UNKNOWN-DJ009219	Human coronavirus 229E	DJ009219	207	-N/A-	Unknown	-N/A-	-N/A-	unassigned DNA	
UNKNOWN-DJ009220	Human coronavirus 229E	DJ009220	71	-N/A-	Unknown	-N/A-	-N/A-	unassigned DNA	
UNKNOWN-DJ009221	Human coronavirus 229E	DJ009221	107	-N/A-	Unknown	-N/A-	-N/A-	unassigned DNA	
UNKNOWN-DL143785	Human coronavirus 229E	DL143785	598	-N/A-	Unknown	-N/A-	-N/A-	unassigned DNA	
UNKNOWN-DL470169	Human coronavirus 229E	DL470169	40	-N/A-	Unknown	-N/A-	-N/A-	unassigned DNA	
UNKNOWN-FW337968	Human coronavirus 229E	FW337968	20	-N/A-	Unknown	-N/A-	-N/A-	unassigned DNA	
UNKNOWN-FW337969	Human coronavirus 229E	FW337969	20	-N/A-	Unknown	-N/A-	-N/A-	unassigned DNA	
UNKNOWN-GN352053	Human coronavirus 229E	GN352053	60	-N/A-	Unknown	-N/A-	-N/A-	unassigned DNA	
UNKNOWN-GN352054	Human coronavirus 229E	GN352054	60	-N/A-	Unknown	-N/A-	-N/A-	unassigned DNA	
UNKNOWN-GN352055	Human coronavirus 229E	GN352055	60	-N/A-	Unknown	-N/A-	-N/A-	unassigned DNA	
UNKNOWN-GN352056	Human coronavirus 229E	GN352056	60	-N/A-	Unknown	-N/A-	-N/A-	unassigned DNA	
UNKNOWN-GN352057	Human coronavirus 229E	GN352057	60	-N/A-	Unknown	-N/A-	-N/A-	unassigned DNA	
UNKNOWN-GN352058	Human coronavirus 229E	GN352058	60	-N/A-	Unknown	-N/A-	-N/A-	unassigned DNA	
UNKNOWN-GN352059	Human coronavirus 229E	GN352059	60	-N/A-	Unknown	-N/A-	-N/A-	unassigned DNA	
UNKNOWN-GN352060	Human coronavirus 229E	GN352060	60	-N/A-	Unknown	-N/A-	-N/A-	unassigned DNA	
UNKNOWN-GN352061	Human coronavirus 229E	GN352061	60	-N/A-	Unknown	-N/A-	-N/A-	unassigned DNA	
UNKNOWN-GN352062	Human coronavirus 229E	GN352062	60	-N/A-	Unknown	-N/A-	-N/A-	unassigned DNA	
UNKNOWN-GN352063	Human coronavirus 229E	GN352063	60	-N/A-	Unknown	-N/A-	-N/A-	unassigned DNA	
UNKNOWN-GN352064	Human coronavirus 229E	GN352064	60	-N/A-	Unknown	-N/A-	-N/A-	unassigned DNA	
UNKNOWN-HH977460	Human coronavirus 229E	HH977460	24	-N/A-	Unknown	-N/A-	-N/A-	unassigned RNA	
UNKNOWN-HV540164	Human coronavirus 229E	HV540164	598	-N/A-	Unknown	-N/A-	-N/A-	unassigned DNA	
UNKNOWN-J04419	Human coronavirus 229E	J04419	1696	-N/A-	Unknown	-N/A-	-N/A-	genomic RNA	
UNKNOWN-M33560	Human coronavirus 229E	M33560	864	-N/A-	Unknown	-N/A-	-N/A-	genomic RNA	
VS03-0099	Human coronavirus 229E	EF198674	660	2003	Unknown	-N/A-	-N/A-	genomic RNA	
